Review,Sentiment
Awful service,0
Terrible quality and service,0
Impressive performance,1
Regret buying this,0
Not what I expected,0
Regret buying this,0
Not what I expected,0
Impressive performance,1
Worth every penny,1
Worth every penny,1
Completely useless,0
I love this product,1
Great service and quality,1
Awful service,0
Highly recommend this,1
Worth every penny,1
Fantastic experience,1
Regret buying this,0
Poor customer support,0
Exceeded my expectations,1
Poor customer support,0
Regret buying this,0
Absolutely amazing,1
Impressive performance,1
Poor customer support,0
Defective on arrival,0
Very satisfied,1
Highly recommend this,1
Great service and quality,1
Not what I expected,0
Exceeded my expectations,1
Completely useless,0
Impressive performance,1
I love this product,1
Great service and quality,1
Defective on arrival,0
Never buying again,0
Awful service,0
I love this product,1
Very satisfied,1
Awful service,0
Never buying again,0
Defective on arrival,0
Worst purchase ever,0
Defective on arrival,0
Fantastic experience,1
Absolutely amazing,1
Very satisfied,1
Worst purchase ever,0
Not what I expected,0
Completely useless,0
Poor customer support,0
Exceeded my expectations,1
Regret buying this,0
Not what I expected,0
Disappointed with the product,0
I love this product,1
Worth every penny,1
Absolutely amazing,1
Awful service,0
Great service and quality,1
Absolutely amazing,1
Worst purchase ever,0
Disappointed with the product,0
Worst purchase ever,0
Top-notch quality,1
Exceeded my expectations,1
Fantastic experience,1
Completely useless,0
Top-notch quality,1
Top-notch quality,1
Worst purchase ever,0
I love this product,1
Great service and quality,1
Worth every penny,1
Poor customer support,0
Disappointed with the product,0
Disappointed with the product,0
Terrible quality and service,0
Top-notch quality,1
Fantastic experience,1
Never buying again,0
Disappointed with the product,0
Highly recommend this,1
Completely useless,0
Never buying again,0
Never buying again,0
Terrible quality and service,0
Very satisfied,1
Exceeded my expectations,1
Absolutely amazing,1
Highly recommend this,1
Terrible quality and service,0
Terrible quality and service,0
Defective on arrival,0
Top-notch quality,1
Fantastic experience,1
Impressive performance,1
Highly recommend this,1
Very satisfied,1
